Date,Energy_kWh,Source_File,Data_Type
2024-01-23,15.41215,MTU-LEO-PS31_23012024-23012025.csv,5min_aggregated
2024-01-24,11.571710000000001,MTU-LEO-PS31_23012024-23012025.csv,5min_aggregated
2024-01-25,20.39574,MTU-LEO-PS31_23012024-23012025.csv,5min_aggregated
2024-01-26,7.74937,MTU-LEO-PS31_23012024-23012025.csv,5min_aggregated
2024-01-27,22.21956,MTU-LEO-PS31_23012024-23012025.csv,5min_aggregated
2024-01-28,23.01632,MTU-LEO-PS31_23012024-23012025.csv,5min_aggregated
2024-01-29,23.08587,MTU-LEO-PS31_23012024-23012025.csv,5min_aggregated
2024-01-30,21.50531,MTU-LEO-PS31_23012024-23012025.csv,5min_aggregated
2024-01-31,16.17087,MTU-LEO-PS31_23012024-23012025.csv,5min_aggregated
2024-02-01,6.01999,MTU-LEO-PS31_23012024-23012025.csv,5min_aggregated
2024-02-02,11.9555,MTU-LEO-PS31_23012024-23012025.csv,5min_aggregated
2024-02-03,23.25329,MTU-LEO-PS31_23012024-23012025.csv,5min_aggregated
2024-02-04,20.11027,MTU-LEO-PS31_23012024-23012025.csv,5min_aggregated
2024-02-05,23.47776,MTU-LEO-PS31_23012024-23012025.csv,5min_aggregated
2024-02-06,22.8259,MTU-LEO-PS31_23012024-23012025.csv,5min_aggregated
2024-02-07,18.27113,MTU-LEO-PS31_23012024-23012025.csv,5min_aggregated
2024-02-08,21.811490000000003,MTU-LEO-PS31_23012024-23012025.csv,5min_aggregated
2024-02-09,11.22284,MTU-LEO-PS31_23012024-23012025.csv,5min_aggregated
2024-02-10,12.17101,MTU-LEO-PS31_23012024-23012025.csv,5min_aggregated
2024-02-11,6.12784,MTU-LEO-PS31_23012024-23012025.csv,5min_aggregated
2024-02-12,21.28096,MTU-LEO-PS31_23012024-23012025.csv,5min_aggregated
2024-02-13,18.02774,MTU-LEO-PS31_23012024-23012025.csv,5min_aggregated
2024-02-14,26.83913,MTU-LEO-PS31_23012024-23012025.csv,5min_aggregated
2024-02-15,18.93689,MTU-LEO-PS31_23012024-23012025.csv,5min_aggregated
2024-02-16,26.21281,MTU-LEO-PS31_23012024-23012025.csv,5min_aggregated
2024-02-17,9.847850000000001,MTU-LEO-PS31_23012024-23012025.csv,5min_aggregated
2024-02-18,24.894009999999998,MTU-LEO-PS31_23012024-23012025.csv,5min_aggregated
2024-02-19,16.711209999999998,MTU-LEO-PS31_23012024-23012025.csv,5min_aggregated
2024-02-20,23.791349999999998,MTU-LEO-PS31_23012024-23012025.csv,5min_aggregated
2024-02-21,27.31707,MTU-LEO-PS31_23012024-23012025.csv,5min_aggregated
2024-02-22,11.834719999999999,MTU-LEO-PS31_23012024-23012025.csv,5min_aggregated
2024-02-23,4.81864,MTU-LEO-PS31_23012024-23012025.csv,5min_aggregated
2024-02-24,12.91988,MTU-LEO-PS31_23012024-23012025.csv,5min_aggregated
2024-02-25,24.7189,MTU-LEO-PS31_23012024-23012025.csv,5min_aggregated
2024-02-26,19.40342,MTU-LEO-PS31_23012024-23012025.csv,5min_aggregated
2024-02-27,19.75619,MTU-LEO-PS31_23012024-23012025.csv,5min_aggregated
2024-02-28,30.657439999999998,MTU-LEO-PS31_23012024-23012025.csv,5min_aggregated
2024-02-29,26.106330000000003,MTU-LEO-PS31_23012024-23012025.csv,5min_aggregated
2024-03-01,7.63363,MTU-LEO-PS31_23012024-23012025.csv,5min_aggregated
2024-03-02,26.25647,MTU-LEO-PS31_23012024-23012025.csv,5min_aggregated
2024-03-03,38.9581,MTU-LEO-PS31_23012024-23012025.csv,5min_aggregated
2024-03-04,33.325489999999995,MTU-LEO-PS31_23012024-23012025.csv,5min_aggregated
2024-03-05,21.76928,MTU-LEO-PS31_23012024-23012025.csv,5min_aggregated
2024-03-06,12.82716,MTU-LEO-PS31_23012024-23012025.csv,5min_aggregated
2024-03-07,21.41036,MTU-LEO-PS31_23012024-23012025.csv,5min_aggregated
2024-03-08,21.37299,MTU-LEO-PS31_23012024-23012025.csv,5min_aggregated
2024-03-09,16.99685,MTU-LEO-PS31_23012024-23012025.csv,5min_aggregated
2024-03-10,16.632189999999998,MTU-LEO-PS31_23012024-23012025.csv,5min_aggregated
2024-03-11,10.343789999999998,MTU-LEO-PS31_23012024-23012025.csv,5min_aggregated
2024-03-12,14.61389,MTU-LEO-PS31_23012024-23012025.csv,5min_aggregated
2024-03-13,40.39843,MTU-LEO-PS31_23012024-23012025.csv,5min_aggregated
2024-03-14,32.73502,MTU-LEO-PS31_23012024-23012025.csv,5min_aggregated
2024-03-15,34.042199999999994,MTU-LEO-PS31_23012024-23012025.csv,5min_aggregated
2024-03-16,25.68198,MTU-LEO-PS31_23012024-23012025.csv,5min_aggregated
2024-03-17,41.88975,MTU-LEO-PS31_23012024-23012025.csv,5min_aggregated
2024-03-18,25.097849999999998,MTU-LEO-PS31_23012024-23012025.csv,5min_aggregated
2024-03-19,15.292639999999999,MTU-LEO-PS31_23012024-23012025.csv,5min_aggregated
2024-03-20,41.54276,MTU-LEO-PS31_23012024-23012025.csv,5min_aggregated
2024-03-21,15.727780000000001,MTU-LEO-PS31_23012024-23012025.csv,5min_aggregated
2024-03-22,37.6238,MTU-LEO-PS31_23012024-23012025.csv,5min_aggregated
2024-03-23,38.73657,MTU-LEO-PS31_23012024-23012025.csv,5min_aggregated
2024-03-24,28.482560000000003,MTU-LEO-PS31_23012024-23012025.csv,5min_aggregated
2024-03-25,45.16963,MTU-LEO-PS31_23012024-23012025.csv,5min_aggregated
2024-03-26,40.53738,MTU-LEO-PS31_23012024-23012025.csv,5min_aggregated
2024-03-27,22.283549999999998,MTU-LEO-PS31_23012024-23012025.csv,5min_aggregated
2024-03-28,34.34202,MTU-LEO-PS31_23012024-23012025.csv,5min_aggregated
2024-03-29,33.41983999999999,MTU-LEO-PS31_23012024-23012025.csv,5min_aggregated
2024-03-30,42.77628,MTU-LEO-PS31_23012024-23012025.csv,5min_aggregated
2024-03-31,32.4552,MTU-LEO-PS31_23012024-23012025.csv,5min_aggregated
2024-04-01,42.27249,MTU-LEO-PS31_23012024-23012025.csv,5min_aggregated
2024-04-02,30.92214,MTU-LEO-PS31_23012024-23012025.csv,5min_aggregated
2024-04-03,31.70114,MTU-LEO-PS31_23012024-23012025.csv,5min_aggregated
2024-04-04,48.10758,MTU-LEO-PS31_23012024-23012025.csv,5min_aggregated
2024-04-05,43.83632,MTU-LEO-PS31_23012024-23012025.csv,5min_aggregated
2024-04-06,50.1767,MTU-LEO-PS31_23012024-23012025.csv,5min_aggregated
2024-04-07,50.95093,MTU-LEO-PS31_23012024-23012025.csv,5min_aggregated
2024-04-08,48.922059999999995,MTU-LEO-PS31_23012024-23012025.csv,5min_aggregated
2024-04-09,42.379419999999996,MTU-LEO-PS31_23012024-23012025.csv,5min_aggregated
2024-04-10,18.8906,MTU-LEO-PS31_23012024-23012025.csv,5min_aggregated
2024-04-11,51.20014,MTU-LEO-PS31_23012024-23012025.csv,5min_aggregated
2024-04-12,50.975519999999996,MTU-LEO-PS31_23012024-23012025.csv,5min_aggregated
2024-04-13,54.94776,MTU-LEO-PS31_23012024-23012025.csv,5min_aggregated
2024-04-14,51.40797,MTU-LEO-PS31_23012024-23012025.csv,5min_aggregated
2024-04-15,21.96569,MTU-LEO-PS31_23012024-23012025.csv,5min_aggregated
2024-04-16,6.74425,MTU-LEO-PS31_23012024-23012025.csv,5min_aggregated
2024-04-17,40.670809999999996,MTU-LEO-PS31_23012024-23012025.csv,5min_aggregated
2024-04-18,44.38647,MTU-LEO-PS31_23012024-23012025.csv,5min_aggregated
2024-04-19,37.954730000000005,MTU-LEO-PS31_23012024-23012025.csv,5min_aggregated
2024-04-20,36.14669,MTU-LEO-PS31_23012024-23012025.csv,5min_aggregated
2024-04-21,41.22318,MTU-LEO-PS31_23012024-23012025.csv,5min_aggregated
2024-04-22,50.30074,MTU-LEO-PS31_23012024-23012025.csv,5min_aggregated
2024-04-23,7.96383,MTU-LEO-PS31_23012024-23012025.csv,5min_aggregated
2024-04-24,34.964589999999994,MTU-LEO-PS31_23012024-23012025.csv,5min_aggregated
2024-04-25,35.64314,MTU-LEO-PS31_23012024-23012025.csv,5min_aggregated
2024-04-26,56.19529,MTU-LEO-PS31_23012024-23012025.csv,5min_aggregated
2024-04-27,57.413129999999995,MTU-LEO-PS31_23012024-23012025.csv,5min_aggregated
2024-04-28,52.406690000000005,MTU-LEO-PS31_23012024-23012025.csv,5min_aggregated
2024-04-29,54.1213,MTU-LEO-PS31_23012024-23012025.csv,5min_aggregated
2024-04-30,60.218900000000005,MTU-LEO-PS31_23012024-23012025.csv,5min_aggregated
2024-05-01,43.04953,MTU-LEO-PS31_23012024-23012025.csv,5min_aggregated
2024-05-02,34.23962,MTU-LEO-PS31_23012024-23012025.csv,5min_aggregated
2024-05-03,14.118120000000001,MTU-LEO-PS31_23012024-23012025.csv,5min_aggregated
2024-05-04,52.05045,MTU-LEO-PS31_23012024-23012025.csv,5min_aggregated
2024-05-05,49.93726,MTU-LEO-PS31_23012024-23012025.csv,5min_aggregated
2024-05-06,54.90858,MTU-LEO-PS31_23012024-23012025.csv,5min_aggregated
2024-05-07,27.53617,MTU-LEO-PS31_23012024-23012025.csv,5min_aggregated
2024-05-08,14.79162,MTU-LEO-PS31_23012024-23012025.csv,5min_aggregated
2024-05-09,57.15191,MTU-LEO-PS31_23012024-23012025.csv,5min_aggregated
2024-05-10,60.11942,MTU-LEO-PS31_23012024-23012025.csv,5min_aggregated
2024-05-11,55.18303,MTU-LEO-PS31_23012024-23012025.csv,5min_aggregated
2024-05-12,52.37086,MTU-LEO-PS31_23012024-23012025.csv,5min_aggregated
2024-05-13,35.6809,MTU-LEO-PS31_23012024-23012025.csv,5min_aggregated
2024-05-14,26.39943,MTU-LEO-PS31_23012024-23012025.csv,5min_aggregated
2024-05-15,36.12693,MTU-LEO-PS31_23012024-23012025.csv,5min_aggregated
2024-05-16,6.948270000000001,MTU-LEO-PS31_23012024-23012025.csv,5min_aggregated
2024-05-17,41.758669999999995,MTU-LEO-PS31_23012024-23012025.csv,5min_aggregated
2024-05-18,55.40681,MTU-LEO-PS31_23012024-23012025.csv,5min_aggregated
2024-05-19,51.15772,MTU-LEO-PS31_23012024-23012025.csv,5min_aggregated
2024-05-20,55.50441,MTU-LEO-PS31_23012024-23012025.csv,5min_aggregated
2024-05-21,15.9867,MTU-LEO-PS31_23012024-23012025.csv,5min_aggregated
2024-05-22,48.369260000000004,MTU-LEO-PS31_23012024-23012025.csv,5min_aggregated
2024-05-23,46.24181,MTU-LEO-PS31_23012024-23012025.csv,5min_aggregated
2024-05-24,42.86232,MTU-LEO-PS31_23012024-23012025.csv,5min_aggregated
2024-05-25,37.85779,MTU-LEO-PS31_23012024-23012025.csv,5min_aggregated
2024-05-26,30.622439999999997,MTU-LEO-PS31_23012024-23012025.csv,5min_aggregated
2024-05-27,58.887730000000005,MTU-LEO-PS31_23012024-23012025.csv,5min_aggregated
2024-05-28,14.49512,MTU-LEO-PS31_23012024-23012025.csv,5min_aggregated
2024-05-29,64.94732,MTU-LEO-PS31_23012024-23012025.csv,5min_aggregated
2024-05-30,40.27025,MTU-LEO-PS31_23012024-23012025.csv,5min_aggregated
2024-05-31,21.53302,MTU-LEO-PS31_23012024-23012025.csv,5min_aggregated
2024-06-01,37.28416,MTU-LEO-PS31_23012024-23012025.csv,5min_aggregated
2024-06-02,45.439260000000004,MTU-LEO-PS31_23012024-23012025.csv,5min_aggregated
2024-06-03,15.240120000000001,MTU-LEO-PS31_23012024-23012025.csv,5min_aggregated
2024-06-04,48.119730000000004,MTU-LEO-PS31_23012024-23012025.csv,5min_aggregated
2024-06-05,60.2636,MTU-LEO-PS31_23012024-23012025.csv,5min_aggregated
2024-06-06,53.77889,MTU-LEO-PS31_23012024-23012025.csv,5min_aggregated
2024-06-07,42.58829,MTU-LEO-PS31_23012024-23012025.csv,5min_aggregated
2024-06-08,55.10479,MTU-LEO-PS31_23012024-23012025.csv,5min_aggregated
2024-06-09,46.784620000000004,MTU-LEO-PS31_23012024-23012025.csv,5min_aggregated
2024-06-10,28.702650000000002,MTU-LEO-PS31_23012024-23012025.csv,5min_aggregated
2024-06-11,23.38035,MTU-LEO-PS31_23012024-23012025.csv,5min_aggregated
2024-06-12,23.82042,MTU-LEO-PS31_23012024-23012025.csv,5min_aggregated
2024-06-13,30.55564,MTU-LEO-PS31_23012024-23012025.csv,5min_aggregated
2024-06-14,52.65259,MTU-LEO-PS31_23012024-23012025.csv,5min_aggregated
2024-06-15,50.03886,MTU-LEO-PS31_23012024-23012025.csv,5min_aggregated
2024-06-16,27.061529999999998,MTU-LEO-PS31_23012024-23012025.csv,5min_aggregated
2024-06-17,61.60582,MTU-LEO-PS31_23012024-23012025.csv,5min_aggregated
2024-06-18,62.79495,MTU-LEO-PS31_23012024-23012025.csv,5min_aggregated
2024-06-19,61.2535,MTU-LEO-PS31_23012024-23012025.csv,5min_aggregated
2024-06-20,52.78913,MTU-LEO-PS31_23012024-23012025.csv,5min_aggregated
2024-06-21,45.50371,MTU-LEO-PS31_23012024-23012025.csv,5min_aggregated
2024-06-22,37.21713,MTU-LEO-PS31_23012024-23012025.csv,5min_aggregated
2024-06-23,39.30735,MTU-LEO-PS31_23012024-23012025.csv,5min_aggregated
2024-06-24,60.926010000000005,MTU-LEO-PS31_23012024-23012025.csv,5min_aggregated
2024-06-25,48.38592,MTU-LEO-PS31_23012024-23012025.csv,5min_aggregated
2024-06-26,31.30857,MTU-LEO-PS31_23012024-23012025.csv,5min_aggregated
2024-06-27,50.67254,MTU-LEO-PS31_23012024-23012025.csv,5min_aggregated
2024-06-28,50.205510000000004,MTU-LEO-PS31_23012024-23012025.csv,5min_aggregated
2024-06-29,59.2409,MTU-LEO-PS31_23012024-23012025.csv,5min_aggregated
2024-06-30,57.52964,MTU-LEO-PS31_23012024-23012025.csv,5min_aggregated
2024-07-01,16.24242,MTU-LEO-PS31_23012024-23012025.csv,5min_aggregated
2024-07-02,31.37361,MTU-LEO-PS31_23012024-23012025.csv,5min_aggregated
2024-07-03,40.38896,MTU-LEO-PS31_01072024-31122024.csv,daily
2024-07-04,48.71665,MTU-LEO-PS31_01072024-31122024.csv,daily
2024-07-05,59.59356,MTU-LEO-PS31_01072024-31122024.csv,daily
2024-07-06,55.05386,MTU-LEO-PS31_01072024-31122024.csv,daily
2024-07-07,30.17932,MTU-LEO-PS31_23012024-23012025.csv,5min_aggregated
2024-07-08,51.47148,MTU-LEO-PS31_23012024-23012025.csv,5min_aggregated
2024-07-09,49.91789,MTU-LEO-PS31_01072024-31122024.csv,daily
2024-07-10,50.84828,MTU-LEO-PS31_01072024-31122024.csv,daily
2024-07-11,43.14126,MTU-LEO-PS31_23012024-23012025.csv,5min_aggregated
2024-07-12,43.78796,MTU-LEO-PS31_23012024-23012025.csv,5min_aggregated
2024-07-13,53.64819,MTU-LEO-PS31_23012024-23012025.csv,5min_aggregated
2024-07-14,58.88784,MTU-LEO-PS31_23012024-23012025.csv,5min_aggregated
2024-07-15,59.03436,MTU-LEO-PS31_23012024-23012025.csv,5min_aggregated
2024-07-16,55.75177,MTU-LEO-PS31_01072024-31122024.csv,daily
2024-07-17,48.462540000000004,MTU-LEO-PS31_23012024-23012025.csv,5min_aggregated
2024-07-18,52.297309999999996,MTU-LEO-PS31_23012024-23012025.csv,5min_aggregated
2024-07-19,45.23917,MTU-LEO-PS31_23012024-23012025.csv,5min_aggregated
2024-07-20,26.135540000000002,MTU-LEO-PS31_23012024-23012025.csv,5min_aggregated
2024-07-21,61.2044,MTU-LEO-PS31_23012024-23012025.csv,5min_aggregated
2024-07-22,30.373060000000002,MTU-LEO-PS31_23012024-23012025.csv,5min_aggregated
2024-07-23,49.35546,MTU-LEO-PS31_23012024-23012025.csv,5min_aggregated
2024-07-24,45.91166,MTU-LEO-PS31_01072024-31122024.csv,daily
2024-07-25,54.85895,MTU-LEO-PS31_01072024-31122024.csv,daily
2024-07-26,59.48916,MTU-LEO-PS31_01072024-31122024.csv,daily
2024-07-27,51.42243,MTU-LEO-PS31_23012024-23012025.csv,5min_aggregated
2024-07-28,35.56868,MTU-LEO-PS31_23012024-23012025.csv,5min_aggregated
2024-07-29,60.38033,MTU-LEO-PS31_23012024-23012025.csv,5min_aggregated
2024-07-30,60.522690000000004,MTU-LEO-PS31_23012024-23012025.csv,5min_aggregated
2024-07-31,56.2569,MTU-LEO-PS31_23012024-23012025.csv,5min_aggregated
2024-08-01,46.12318,MTU-LEO-PS31_23012024-23012025.csv,5min_aggregated
2024-08-02,35.43190,MTU-LEO-PS31_01072024-31122024.csv,daily
2024-08-03,52.06483,MTU-LEO-PS31_23012024-23012025.csv,5min_aggregated
2024-08-04,37.87685,MTU-LEO-PS31_01072024-31122024.csv,daily
2024-08-05,27.66001,MTU-LEO-PS31_23012024-23012025.csv,5min_aggregated
2024-08-06,51.19382,MTU-LEO-PS31_01072024-31122024.csv,daily
2024-08-07,48.628910000000005,MTU-LEO-PS31_23012024-23012025.csv,5min_aggregated
2024-08-08,48.79853,MTU-LEO-PS31_01072024-31122024.csv,daily
2024-08-09,53.68399,MTU-LEO-PS31_01072024-31122024.csv,daily
2024-08-10,46.75715,MTU-LEO-PS31_23012024-23012025.csv,5min_aggregated
2024-08-11,54.82705,MTU-LEO-PS31_01072024-31122024.csv,daily
2024-08-12,49.64586,MTU-LEO-PS31_01072024-31122024.csv,daily
2024-08-13,38.557190000000006,MTU-LEO-PS31_23012024-23012025.csv,5min_aggregated
2024-08-14,42.23476,MTU-LEO-PS31_23012024-23012025.csv,5min_aggregated
2024-08-15,47.8643,MTU-LEO-PS31_23012024-23012025.csv,5min_aggregated
2024-08-16,41.43419,MTU-LEO-PS31_01072024-31122024.csv,daily
2024-08-17,49.86609,MTU-LEO-PS31_01072024-31122024.csv,daily
2024-08-18,33.73693,MTU-LEO-PS31_01072024-31122024.csv,daily
2024-08-19,28.91773,MTU-LEO-PS31_01072024-31122024.csv,daily
2024-08-20,36.75111,MTU-LEO-PS31_01072024-31122024.csv,daily
2024-08-21,20.240209999999998,MTU-LEO-PS31_23012024-23012025.csv,5min_aggregated
2024-08-22,47.18246,MTU-LEO-PS31_01072024-31122024.csv,daily
2024-08-23,49.9724,MTU-LEO-PS31_23012024-23012025.csv,5min_aggregated
2024-08-24,47.90882,MTU-LEO-PS31_23012024-23012025.csv,5min_aggregated
2024-08-25,42.40636,MTU-LEO-PS31_23012024-23012025.csv,5min_aggregated
2024-08-26,41.06916,MTU-LEO-PS31_01072024-31122024.csv,daily
2024-08-27,46.33389,MTU-LEO-PS31_01072024-31122024.csv,daily
2024-08-28,44.69371,MTU-LEO-PS31_01072024-31122024.csv,daily
2024-08-29,43.16507,MTU-LEO-PS31_01072024-31122024.csv,daily
2024-08-30,50.29519,MTU-LEO-PS31_01072024-31122024.csv,daily
2024-08-31,49.00235,MTU-LEO-PS31_01072024-31122024.csv,daily
2024-09-01,43.10791,MTU-LEO-PS31_23012024-23012025.csv,5min_aggregated
2024-09-02,42.81202,MTU-LEO-PS31_23012024-23012025.csv,5min_aggregated
2024-09-03,43.798919999999995,MTU-LEO-PS31_23012024-23012025.csv,5min_aggregated
2024-09-04,45.5286,MTU-LEO-PS31_23012024-23012025.csv,5min_aggregated
2024-09-05,32.40014,MTU-LEO-PS31_01072024-31122024.csv,daily
2024-09-06,17.69444,MTU-LEO-PS31_01072024-31122024.csv,daily
2024-09-07,34.32847,MTU-LEO-PS31_01072024-31122024.csv,daily
2024-09-08,38.05573,MTU-LEO-PS31_01072024-31122024.csv,daily
2024-09-09,8.07201,MTU-LEO-PS31_01072024-31122024.csv,daily
2024-09-10,27.80172,MTU-LEO-PS31_01072024-31122024.csv,daily
2024-09-11,46.55591,MTU-LEO-PS31_01072024-31122024.csv,daily
2024-09-12,5.28480,MTU-LEO-PS31_01072024-31122024.csv,daily
2024-09-13,10.23473,MTU-LEO-PS31_01072024-31122024.csv,daily
2024-09-14,8.52939,MTU-LEO-PS31_23012024-23012025.csv,5min_aggregated
2024-09-15,17.85192,MTU-LEO-PS31_01072024-31122024.csv,daily
2024-09-16,9.30081,MTU-LEO-PS31_23012024-23012025.csv,5min_aggregated
2024-09-17,35.803470000000004,MTU-LEO-PS31_23012024-23012025.csv,5min_aggregated
2024-09-18,15.48662,MTU-LEO-PS31_23012024-23012025.csv,5min_aggregated
2024-09-19,24.25515,MTU-LEO-PS31_23012024-23012025.csv,5min_aggregated
2024-09-20,34.47137,MTU-LEO-PS31_23012024-23012025.csv,5min_aggregated
2024-09-21,29.27195,MTU-LEO-PS31_23012024-23012025.csv,5min_aggregated
2024-09-22,41.785489999999996,MTU-LEO-PS31_23012024-23012025.csv,5min_aggregated
2024-09-23,41.454879999999996,MTU-LEO-PS31_23012024-23012025.csv,5min_aggregated
2024-09-24,11.00973,MTU-LEO-PS31_01072024-31122024.csv,daily
2024-09-25,31.48827,MTU-LEO-PS31_23012024-23012025.csv,5min_aggregated
2024-09-26,28.30309,MTU-LEO-PS31_23012024-23012025.csv,5min_aggregated
2024-09-27,7.62555,MTU-LEO-PS31_01072024-31122024.csv,daily
2024-09-28,14.36467,MTU-LEO-PS31_23012024-23012025.csv,5min_aggregated
2024-09-29,38.28537,MTU-LEO-PS31_23012024-23012025.csv,5min_aggregated
2024-09-30,36.90272,MTU-LEO-PS31_01072024-31122024.csv,daily
2024-10-01,28.80264,MTU-LEO-PS31_23012024-23012025.csv,5min_aggregated
2024-10-02,4.57769,MTU-LEO-PS31_01072024-31122024.csv,daily
2024-10-03,9.87360,MTU-LEO-PS31_01072024-31122024.csv,daily
2024-10-04,15.50113,MTU-LEO-PS31_23012024-23012025.csv,5min_aggregated
2024-10-05,25.19434,MTU-LEO-PS31_23012024-23012025.csv,5min_aggregated
2024-10-06,38.92470,MTU-LEO-PS31_01072024-31122024.csv,daily
2024-10-07,37.19216,MTU-LEO-PS31_23012024-23012025.csv,5min_aggregated
2024-10-08,32.28817,MTU-LEO-PS31_23012024-23012025.csv,5min_aggregated
2024-10-09,31.81928,MTU-LEO-PS31_23012024-23012025.csv,5min_aggregated
2024-10-10,9.16238,MTU-LEO-PS31_01072024-31122024.csv,daily
2024-10-11,23.62298,MTU-LEO-PS31_23012024-23012025.csv,5min_aggregated
2024-10-12,23.98443,MTU-LEO-PS31_23012024-23012025.csv,5min_aggregated
2024-10-13,21.33795,MTU-LEO-PS31_23012024-23012025.csv,5min_aggregated
2024-10-14,24.5744,MTU-LEO-PS31_23012024-23012025.csv,5min_aggregated
2024-10-15,25.83042,MTU-LEO-PS31_23012024-23012025.csv,5min_aggregated
2024-10-16,9.98452,MTU-LEO-PS31_01072024-31122024.csv,daily
2024-10-17,10.95783,MTU-LEO-PS31_01072024-31122024.csv,daily
2024-10-18,14.49635,MTU-LEO-PS31_23012024-23012025.csv,5min_aggregated
2024-10-19,8.92429,MTU-LEO-PS31_01072024-31122024.csv,daily
2024-10-20,20.84684,MTU-LEO-PS31_01072024-31122024.csv,daily
2024-10-21,20.19651,MTU-LEO-PS31_01072024-31122024.csv,daily
2024-10-22,27.883580000000002,MTU-LEO-PS31_23012024-23012025.csv,5min_aggregated
2024-10-23,9.84373,MTU-LEO-PS31_01072024-31122024.csv,daily
2024-10-24,3.47175,MTU-LEO-PS31_01072024-31122024.csv,daily
2024-10-25,15.65017,MTU-LEO-PS31_01072024-31122024.csv,daily
2024-10-26,23.08935,MTU-LEO-PS31_23012024-23012025.csv,5min_aggregated
2024-10-27,22.85869,MTU-LEO-PS31_23012024-23012025.csv,5min_aggregated
2024-10-28,19.55514,MTU-LEO-PS31_01072024-31122024.csv,daily
2024-10-29,18.46273,MTU-LEO-PS31_01072024-31122024.csv,daily
2024-10-30,21.51375,MTU-LEO-PS31_01072024-31122024.csv,daily
2024-10-31,13.97057,MTU-LEO-PS31_01072024-31122024.csv,daily
2024-11-01,19.54705,MTU-LEO-PS31_23012024-23012025.csv,5min_aggregated
2024-11-02,25.08154,MTU-LEO-PS31_23012024-23012025.csv,5min_aggregated
2024-11-03,15.45716,MTU-LEO-PS31_01072024-31122024.csv,daily
2024-11-04,14.70684,MTU-LEO-PS31_23012024-23012025.csv,5min_aggregated
2024-11-05,11.50769,MTU-LEO-PS31_01072024-31122024.csv,daily
2024-11-06,11.392719999999999,MTU-LEO-PS31_23012024-23012025.csv,5min_aggregated
2024-11-07,7.44962,MTU-LEO-PS31_01072024-31122024.csv,daily
2024-11-08,7.715520000000001,MTU-LEO-PS31_23012024-23012025.csv,5min_aggregated
2024-11-09,11.14184,MTU-LEO-PS31_23012024-23012025.csv,5min_aggregated
2024-11-10,7.35085,MTU-LEO-PS31_23012024-23012025.csv,5min_aggregated
2024-11-11,7.33362,MTU-LEO-PS31_23012024-23012025.csv,5min_aggregated
2024-11-12,7.65847,MTU-LEO-PS31_23012024-23012025.csv,5min_aggregated
2024-11-13,8.54587,MTU-LEO-PS31_23012024-23012025.csv,5min_aggregated
2024-11-14,19.35593,MTU-LEO-PS31_23012024-23012025.csv,5min_aggregated
2024-11-15,17.27520,MTU-LEO-PS31_01072024-31122024.csv,daily
2024-11-16,17.7818,MTU-LEO-PS31_23012024-23012025.csv,5min_aggregated
2024-11-17,19.81861,MTU-LEO-PS31_23012024-23012025.csv,5min_aggregated
2024-11-18,14.74994,MTU-LEO-PS31_23012024-23012025.csv,5min_aggregated
2024-11-19,9.66953,MTU-LEO-PS31_23012024-23012025.csv,5min_aggregated
2024-11-20,8.37807,MTU-LEO-PS31_23012024-23012025.csv,5min_aggregated
2024-11-21,10.88232,MTU-LEO-PS31_01072024-31122024.csv,daily
2024-11-22,1.00577,MTU-LEO-PS31_23012024-23012025.csv,5min_aggregated
2024-11-23,13.51938,MTU-LEO-PS31_01072024-31122024.csv,daily
2024-11-24,11.73437,MTU-LEO-PS31_23012024-23012025.csv,5min_aggregated
2024-11-25,16.817610000000002,MTU-LEO-PS31_23012024-23012025.csv,5min_aggregated
2024-11-26,6.81652,MTU-LEO-PS31_23012024-23012025.csv,5min_aggregated
2024-11-27,3.37125,MTU-LEO-PS31_23012024-23012025.csv,5min_aggregated
2024-11-28,5.805980000000001,MTU-LEO-PS31_23012024-23012025.csv,5min_aggregated
2024-11-29,7.02096,MTU-LEO-PS31_23012024-23012025.csv,5min_aggregated
2024-11-30,15.10349,MTU-LEO-PS31_01072024-31122024.csv,daily
2024-12-01,13.85522,MTU-LEO-PS31_23012024-23012025.csv,5min_aggregated
2024-12-02,12.108450000000001,MTU-LEO-PS31_23012024-23012025.csv,5min_aggregated
2024-12-03,7.92803,MTU-LEO-PS31_01072024-31122024.csv,daily
2024-12-04,6.60267,MTU-LEO-PS31_01072024-31122024.csv,daily
2024-12-05,15.54118,MTU-LEO-PS31_01072024-31122024.csv,daily
2024-12-06,0.50384,MTU-LEO-PS31_23012024-23012025.csv,5min_aggregated
2024-12-07,10.09693,MTU-LEO-PS31_01072024-31122024.csv,daily
2024-12-08,6.14578,MTU-LEO-PS31_01072024-31122024.csv,daily
2024-12-09,3.65918,MTU-LEO-PS31_01072024-31122024.csv,daily
2024-12-10,7.0048699999999995,MTU-LEO-PS31_23012024-23012025.csv,5min_aggregated
2024-12-11,11.29641,MTU-LEO-PS31_01072024-31122024.csv,daily
2024-12-12,12.02943,MTU-LEO-PS31_23012024-23012025.csv,5min_aggregated
2024-12-13,3.4732399999999997,MTU-LEO-PS31_23012024-23012025.csv,5min_aggregated
2024-12-14,9.9316,MTU-LEO-PS31_23012024-23012025.csv,5min_aggregated
2024-12-15,6.41309,MTU-LEO-PS31_23012024-23012025.csv,5min_aggregated
2024-12-16,6.33820,MTU-LEO-PS31_01072024-31122024.csv,daily
2024-12-17,10.38587,MTU-LEO-PS31_01072024-31122024.csv,daily
2024-12-18,12.57307,MTU-LEO-PS31_23012024-23012025.csv,5min_aggregated
2024-12-19,8.6718,MTU-LEO-PS31_23012024-23012025.csv,5min_aggregated
2024-12-20,5.26721,MTU-LEO-PS31_01072024-31122024.csv,daily
2024-12-21,14.31282,MTU-LEO-PS31_01072024-31122024.csv,daily
2024-12-22,3.74184,MTU-LEO-PS31_01072024-31122024.csv,daily
2024-12-23,4.83655,MTU-LEO-PS31_01072024-31122024.csv,daily
2024-12-24,6.94445,MTU-LEO-PS31_01072024-31122024.csv,daily
2024-12-25,14.73976,MTU-LEO-PS31_23012024-23012025.csv,5min_aggregated
2024-12-26,12.45048,MTU-LEO-PS31_01072024-31122024.csv,daily
2024-12-27,14.02057,MTU-LEO-PS31_01072024-31122024.csv,daily
2024-12-28,13.56005,MTU-LEO-PS31_01072024-31122024.csv,daily
2024-12-29,12.47905,MTU-LEO-PS31_01072024-31122024.csv,daily
2024-12-30,13.99971,MTU-LEO-PS31_01072024-31122024.csv,daily
2024-12-31,13.48544,MTU-LEO-PS31_23012024-23012025.csv,5min_aggregated
2025-01-01,13.88578,MTU-LEO-PS31_23012024-23012025.csv,5min_aggregated
2025-01-02,11.3467,MTU-LEO-PS31_23012024-23012025.csv,5min_aggregated
2025-01-03,7.024229999999999,MTU-LEO-PS31_23012024-23012025.csv,5min_aggregated
2025-01-04,12.7854,MTU-LEO-PS31_23012024-23012025.csv,5min_aggregated
2025-01-05,12.51993,MTU-LEO-PS31_23012024-23012025.csv,5min_aggregated
2025-01-06,8.47256,MTU-LEO-PS31_23012024-23012025.csv,5min_aggregated
2025-01-07,0.57176,MTU-LEO-PS31_23012024-23012025.csv,5min_aggregated
2025-01-08,5.48937,MTU-LEO-PS31_23012024-23012025.csv,5min_aggregated
2025-01-09,4.1704300000000005,MTU-LEO-PS31_23012024-23012025.csv,5min_aggregated
2025-01-10,13.0534,MTU-LEO-PS31_23012024-23012025.csv,5min_aggregated
2025-01-11,9.59996,MTU-LEO-PS31_23012024-23012025.csv,5min_aggregated
2025-01-12,7.724189999999999,MTU-LEO-PS31_23012024-23012025.csv,5min_aggregated
2025-01-13,16.96239,MTU-LEO-PS31_23012024-23012025.csv,5min_aggregated
2025-01-14,19.53376,MTU-LEO-PS31_23012024-23012025.csv,5min_aggregated
2025-01-15,7.59727,MTU-LEO-PS31_23012024-23012025.csv,5min_aggregated
2025-01-16,12.076229999999999,MTU-LEO-PS31_23012024-23012025.csv,5min_aggregated
2025-01-17,14.2089,MTU-LEO-PS31_23012024-23012025.csv,5min_aggregated
2025-01-18,18.34443,MTU-LEO-PS31_23012024-23012025.csv,5min_aggregated
2025-01-19,17.59704,MTU-LEO-PS31_23012024-23012025.csv,5min_aggregated
2025-01-20,15.92403,MTU-LEO-PS31_23012024-23012025.csv,5min_aggregated
2025-01-21,15.09319,MTU-LEO-PS31_23012024-23012025.csv,5min_aggregated
2025-01-22,12.343290000000001,MTU-LEO-PS31_23012024-23012025.csv,5min_aggregated
2025-01-23,14.054559999999999,MTU-LEO-PS31_23012024-23012025.csv,5min_aggregated
2025-01-24,17.93813,MTU-LEO-PS31_23012025-29012025.csv,5min_aggregated
2025-01-25,17.009439999999998,MTU-LEO-PS31_23012025-29012025.csv,5min_aggregated
2025-01-26,7.64916,MTU-LEO-PS31_23012025-29012025.csv,5min_aggregated
2025-01-27,17.86082,MTU-LEO-PS31_23012025-29012025.csv,5min_aggregated
2025-01-28,7.752680000000001,MTU-LEO-PS31_23012025-29012025.csv,5min_aggregated
2025-01-29,13.76967,MTU-LEO-PS31_23012025-29012025.csv,5min_aggregated
,[kWh],MTU-LEO-PS31_01072024-31122024.csv,daily
